SQL> select*
  2  from emp;

     EMPNO ENAME      JOB              MGR HIREDATE         SAL       COMM     DEPTNO               
---------- ---------- --------- ---------- --------- ---------- ---------- ----------               
      7369 SMITH      CLERK           7902 17-DEC-80        800                    20               
      7499 ALLEN      SALESMAN        7698 20-FEB-81       1600        300         30               
      7521 WARD       SALESMAN        7698 22-FEB-81       1250        500         30               
      7566 JONES      MANAGER         7839 02-APR-81       2975                    20               
      7654 MARTIN     SALESMAN        7698 28-SEP-81       1250       1400         30               
      7698 BLAKE      MANAGER         7839 01-MAY-81       2850                    30               
      7782 CLARK      MANAGER         7839 09-JUN-81       2450                    10               
      7788 SCOTT      ANALYST         7566 19-APR-87       3000                    20               
      7839 KING       PRESIDENT            17-NOV-81       5000                    10               
      7844 TURNER     SALESMAN        7698 08-SEP-81       1500          0         30               
      7876 ADAMS      CLERK           7788 23-MAY-87       1100                    20               
      7900 JAMES      CLERK           7698 03-DEC-81        950                    30               
      7902 FORD       ANALYST         7566 03-DEC-81       3000                    20               
      7934 MILLER     CLERK           7782 23-JAN-82       1300                    10               

14 rows selected.

SQL> ed
Wrote file afiedt.buf

  1  SELECT * 
  2  FROM employees
  3* WHERE JOB NOT IN ('President', 'Clerk');
SQL> /
WHERE JOB NOT IN ('President', 'Clerk');
                                       *
ERROR at line 3:
ORA-00911: invalid character 


SQL> ed
Wrote file afiedt.buf

  1  SELECT * 
  2  FROM employees
  3* WHERE JOB NOT IN ('President', 'Clerk')
SQL> /
FROM employees
     *
ERROR at line 2:
ORA-00942: table or view does not exist 


SQL> ed
Wrote file afiedt.buf

  1  SELECT * 
  2  FROM EMP
  3* WHERE JOB NOT IN ('President', 'Clerk')
SQL> /

     EMPNO ENAME      JOB              MGR HIREDATE         SAL       COMM     DEPTNO               
---------- ---------- --------- ---------- --------- ---------- ---------- ----------               
      7369 SMITH      CLERK           7902 17-DEC-80        800                    20               
      7499 ALLEN      SALESMAN        7698 20-FEB-81       1600        300         30               
      7521 WARD       SALESMAN        7698 22-FEB-81       1250        500         30               
      7566 JONES      MANAGER         7839 02-APR-81       2975                    20               
      7654 MARTIN     SALESMAN        7698 28-SEP-81       1250       1400         30               
      7698 BLAKE      MANAGER         7839 01-MAY-81       2850                    30               
      7782 CLARK      MANAGER         7839 09-JUN-81       2450                    10               
      7788 SCOTT      ANALYST         7566 19-APR-87       3000                    20               
      7839 KING       PRESIDENT            17-NOV-81       5000                    10               
      7844 TURNER     SALESMAN        7698 08-SEP-81       1500          0         30               
      7876 ADAMS      CLERK           7788 23-MAY-87       1100                    20               
      7900 JAMES      CLERK           7698 03-DEC-81        950                    30               
      7902 FORD       ANALYST         7566 03-DEC-81       3000                    20               
      7934 MILLER     CLERK           7782 23-JAN-82       1300                    10               

14 rows selected.

SQL> ED
Wrote file afiedt.buf

  1  SELECT * 
  2  FROM EMP
  3  WHERE salary BETWEEN 2500 AND 5000
  4*   AND DEPT IN (10, 20)
SQL> /
  AND DEPT IN (10, 20)
      *
ERROR at line 4:
ORA-00904: "DEPT": invalid identifier 


SQL> ED
Wrote file afiedt.buf

  1  SELECT * 
  2  FROM EMP
  3  WHERE salary BETWEEN 2500 AND 5000
  4*   AND DEPTNO IN (10, 20)
SQL> /
WHERE salary BETWEEN 2500 AND 5000
      *
ERROR at line 3:
ORA-00904: "SALARY": invalid identifier 


SQL> ED
Wrote file afiedt.buf

  1  SELECT * 
  2  FROM EMP
  3  WHERE sal BETWEEN 2500 AND 5000
  4*   AND DEPTNO IN (10, 20)
SQL> /

     EMPNO ENAME      JOB              MGR HIREDATE         SAL       COMM     DEPTNO               
---------- ---------- --------- ---------- --------- ---------- ---------- ----------               
      7566 JONES      MANAGER         7839 02-APR-81       2975                    20               
      7788 SCOTT      ANALYST         7566 19-APR-87       3000                    20               
      7839 KING       PRESIDENT            17-NOV-81       5000                    10               
      7902 FORD       ANALYST         7566 03-DEC-81       3000                    20               

SQL> SELECT *
  2  FROM employees
  3  WHERE title IN ('Manager', 'Analyst');
FROM employees
     *
ERROR at line 2:
ORA-00942: table or view does not exist 


SQL> ED
Wrote file afiedt.buf

  1  SELECT *
  2  FROM EMP
  3* WHERE JOB IN ('Manager', 'Analyst')
SQL> /

no rows selected

SQL> ed
Wrote file afiedt.buf

  1  SELECT *
  2  FROM EMP
  3* WHERE job NOT LIKE '%T'
SQL> /

     EMPNO ENAME      JOB              MGR HIREDATE         SAL       COMM     DEPTNO               
---------- ---------- --------- ---------- --------- ---------- ---------- ----------               
      7369 SMITH      CLERK           7902 17-DEC-80        800                    20               
      7499 ALLEN      SALESMAN        7698 20-FEB-81       1600        300         30               
      7521 WARD       SALESMAN        7698 22-FEB-81       1250        500         30               
      7566 JONES      MANAGER         7839 02-APR-81       2975                    20               
      7654 MARTIN     SALESMAN        7698 28-SEP-81       1250       1400         30               
      7698 BLAKE      MANAGER         7839 01-MAY-81       2850                    30               
      7782 CLARK      MANAGER         7839 09-JUN-81       2450                    10               
      7844 TURNER     SALESMAN        7698 08-SEP-81       1500          0         30               
      7876 ADAMS      CLERK           7788 23-MAY-87       1100                    20               
      7900 JAMES      CLERK           7698 03-DEC-81        950                    30               
      7934 MILLER     CLERK           7782 23-JAN-82       1300                    10               

11 rows selected.

SQL> ED
Wrote file afiedt.buf

  1  SELECT *
  2  FROM emp
  3  WHERE sal = 3000
  4*   AND DEPTNO = 20
SQL> /

     EMPNO ENAME      JOB              MGR HIREDATE         SAL       COMM     DEPTNO               
---------- ---------- --------- ---------- --------- ---------- ---------- ----------               
      7788 SCOTT      ANALYST         7566 19-APR-87       3000                    20               
      7902 FORD       ANALYST         7566 03-DEC-81       3000                    20               

SQL> ED
Wrote file afiedt.buf

  1  SELECT *
  2  FROM emp
  3* WHERE sal LIKE '2%0'
SQL> /

     EMPNO ENAME      JOB              MGR HIREDATE         SAL       COMM     DEPTNO               
---------- ---------- --------- ---------- --------- ---------- ---------- ----------               
      7698 BLAKE      MANAGER         7839 01-MAY-81       2850                    30               
      7782 CLARK      MANAGER         7839 09-JUN-81       2450                    10               

SQL> ED
Wrote file afiedt.buf

  1  SELECT *
  2  FROM emp
  3* WHERE sal LIKE '2__0'
SQL> /

     EMPNO ENAME      JOB              MGR HIREDATE         SAL       COMM     DEPTNO               
---------- ---------- --------- ---------- --------- ---------- ---------- ----------               
      7698 BLAKE      MANAGER         7839 01-MAY-81       2850                    30               
      7782 CLARK      MANAGER         7839 09-JUN-81       2450                    10               

SQL> ED
Wrote file afiedt.buf

  1  SELECT *
  2  FROM emp
  3  WHERE deptno BETWEEN 10 AND 20
  4*   AND sal BETWEEN 1000 AND 4000
SQL> /

     EMPNO ENAME      JOB              MGR HIREDATE         SAL       COMM     DEPTNO               
---------- ---------- --------- ---------- --------- ---------- ---------- ----------               
      7566 JONES      MANAGER         7839 02-APR-81       2975                    20               
      7782 CLARK      MANAGER         7839 09-JUN-81       2450                    10               
      7788 SCOTT      ANALYST         7566 19-APR-87       3000                    20               
      7876 ADAMS      CLERK           7788 23-MAY-87       1100                    20               
      7902 FORD       ANALYST         7566 03-DEC-81       3000                    20               
      7934 MILLER     CLERK           7782 23-JAN-82       1300                    10               

6 rows selected.

SQL> ED
Wrote file afiedt.buf

  1  SELECT *
  2  FROM emp
  3  WHERE deptno IN (10, 20)
  4*   AND sal BETWEEN 1000 AND 4000
SQL> /

     EMPNO ENAME      JOB              MGR HIREDATE         SAL       COMM     DEPTNO               
---------- ---------- --------- ---------- --------- ---------- ---------- ----------               
      7566 JONES      MANAGER         7839 02-APR-81       2975                    20               
      7782 CLARK      MANAGER         7839 09-JUN-81       2450                    10               
      7788 SCOTT      ANALYST         7566 19-APR-87       3000                    20               
      7876 ADAMS      CLERK           7788 23-MAY-87       1100                    20               
      7902 FORD       ANALYST         7566 03-DEC-81       3000                    20               
      7934 MILLER     CLERK           7782 23-JAN-82       1300                    10               

6 rows selected.

SQL> ED
Wrote file afiedt.buf

  1  Select *
  2   from emp 
  3* where (sal + Comm) > 2000
SQL> /

     EMPNO ENAME      JOB              MGR HIREDATE         SAL       COMM     DEPTNO               
---------- ---------- --------- ---------- --------- ---------- ---------- ----------               
      7654 MARTIN     SALESMAN        7698 28-SEP-81       1250       1400         30               

SQL> SPOOL OFF
